Position,Compana,Location,URLa
Senior Open Source Developer & DevOps (Python  Django  React  AWS/OpenStack),OpenCraft,Anywhere in the World,https://weworkremotely.com//remote-jobs/opencraft-senior-open-source-developer-devops-python-django-react-aws-openstack
Senior Python Engineer: Long-term job - 100% remote,Proxify AB,Anywhere in the World,https://weworkremotely.com//remote-jobs/proxify-ab-senior-python-engineer-long-term-job-100-remote
(Senior) Python Full Stack Software Developer,Optimile,Europe Only,https://weworkremotely.com//remote-jobs/optimile-senior-python-full-stack-software-developer
Python / PHP Senior Developer for Ambitious Startup,Soundsnap/ Beatopia,Europe Only,https://weworkremotely.com//remote-jobs/soundsnap-beatopia-python-php-senior-developer-for-ambitious-startup
Senior Python Developer - Full Remote ,Ebury,Latin America Only/Europe Only,https://weworkremotely.com//remote-jobs/ebury-senior-python-developer-full-remote-1
Python Developer - Remote,UpStack Technologies  Inc.,Americas Only/Europe Only,https://weworkremotely.com//remote-jobs/upstack-technologies-inc-python-developer-remote
Python Developer,Lemon.io,Latin America Only/Europe Only,https://weworkremotely.com//remote-jobs/lemon-io-python-developer-1
Senior Software Engineer  Python,AssemblyAI (YC 17),Anywhere in the World,https://weworkremotely.com//remote-jobs/assemblyai-yc-17-senior-software-engineer-python
Python Platform Engineer,Doximity,Americas Only,https://weworkremotely.com//remote-jobs/doximity-python-platform-engineer
Backend Engineer - Integrations (Python),Cerity Partners LLC,USA Only,https://weworkremotely.com//remote-jobs/cerity-partners-llc-backend-engineer-integrations-python
Senior Python Engineer,Clevertech,Anywhere in the World,https://weworkremotely.com//remote-jobs/clevertech-senior-python-engineer-4
Backend engineer - data ingestion (Python  remote),Gridium,None,https://weworkremotely.com//listings/gridium-backend-engineer-data-ingestion-python-remote-1
Software Development Engineer in Test â€“ Python â€“ Cyprus  Greece or Remote ,XM,Anywhere in the World,https://weworkremotely.com//remote-jobs/xm-software-development-engineer-in-test-python-cyprus-greece-or-remote-1
Senior QA Software Test Automation Engineer â€“ Python â€“ Cyprus  Greece  Remote ,XM,Anywhere in the World,https://weworkremotely.com//remote-jobs/xm-senior-qa-software-test-automation-engineer-python-cyprus-greece-remote-1
Senior Software Engineer,Iterative ,['ğŸŒ Worldwide', 'ğŸ’° $50k - $180k'],https://weworkremotely.com/https://remoteok.com/remote-jobs/remote-senior-software-engineer-iterative-99244
Senior Frontend Engineer,Iterative ,['ğŸŒ Worldwide', 'ğŸ’° $50k - $180k'],https://weworkremotely.com/https://remoteok.com/remote-jobs/remote-senior-frontend-engineer-iterative-102909
Senior DevOps Engineer,Calm ,['ğŸ’° $70k - $120k'],https://weworkremotely.com/https://remoteok.com/remote-jobs/remote-senior-devops-engineer-calm-118081
Senior Full Stack Developer Django VUE.js,Accruvia ,['ğŸŒ Worldwide', 'ğŸ’° $40k - $120k'],https://weworkremotely.com/https://remoteok.com/remote-jobs/remote-senior-full-stack-developer-django-vue-js-accruvia-128178
Executive Assistant,Checkr ,['ğŸ‡ºğŸ‡¸ United States', 'ğŸ’° $70k - $120k*'],https://weworkremotely.com/https://remoteok.com/remote-jobs/remote-executive-assistant-checkr-128056
Senior Software Engineer Roku,FuboTV ,['ğŸ‡ºğŸ‡¸ United States', 'ğŸ’° $70k - $120k*'],https://weworkremotely.com/https://remoteok.com/remote-jobs/remote-senior-software-engineer-roku-fubotv-128055
Technical Recruiter,hims & hers ,['ğŸ‡ºğŸ‡¸ United States', 'ğŸ’° $70k - $120k*'],https://weworkremotely.com/https://remoteok.com/remote-jobs/remote-technical-recruiter-hims-hers-128054
Senior Customer Success Manager,Nightfall ,['ğŸ’° $70k - $120k*'],https://weworkremotely.com/https://remoteok.com/remote-jobs/remote-senior-customer-success-manager-nightfall-128053
Implementation Leader,Great Minds ,['ğŸ‡ºğŸ‡¸ United States', 'ğŸ’° $70k - $120k*'],https://weworkremotely.com/https://remoteok.com/remote-jobs/remote-implementation-leader-great-minds-128052
Sales Development Representative,Aspire ,['ğŸ‡ºğŸ‡¸ United States', 'ğŸ’° $70k - $120k*'],https://weworkremotely.com/https://remoteok.com/remote-jobs/remote-sales-development-representative-aspire-128051
Proposal and Contracts Analyst Go Market Sales Tri Lingual,Guidewire Software ,['ğŸ‡ºğŸ‡¸ United States', 'ğŸ’° $70k - $120k*'],https://weworkremotely.com/https://remoteok.com/remote-jobs/remote-proposal-and-contracts-analyst-go-market-sales-tri-lingual-guidewire-software-128050
Billing A R Collections Specialist,Invitae ,['ğŸ‡ºğŸ‡¸ United States', 'ğŸ’° $70k - $123k*'],https://weworkremotely.com/https://remoteok.com/remote-jobs/remote-billing-a-r-collections-specialist-invitae-128049
Commercial Data Analyst,Invitae ,['ğŸ‡ºğŸ‡¸ United States', 'ğŸ’° $70k - $115k*'],https://weworkremotely.com/https://remoteok.com/remote-jobs/remote-commercial-data-analyst-invitae-128048
Senior Full Stack Developer,Commit ,['ğŸ‡¨ğŸ‡¦ Canada', 'ğŸ’° $110k - $140k'],https://weworkremotely.com/https://remoteok.com/remote-jobs/remote-senior-full-stack-developer-commit-127523
Senior Backend Engineer Python,AssemblyAI ,['ğŸŒ North America', 'ğŸ’ƒ Latin America', 'ğŸ‡ªğŸ‡º Europe', 'ğŸ’° $120k - $200k'],https://weworkremotely.com/https://remoteok.com/remote-jobs/remote-senior-backend-engineer-python-assemblyai-123372
DevOps Engineer,Orderly ,['Worldwide', 'ğŸ’° $70k - $120k*'],https://weworkremotely.com/https://remoteok.com/remote-jobs/remote-devops-engineer-orderly-127356
Product Manager LATOKEN,Latoken ,['Remote Worldwide', 'ğŸ’° $60k - $120k*'],https://weworkremotely.com/https://remoteok.com/remote-jobs/remote-product-manager-latoken-latoken-126853
Integration Specialist,Pyth ,['Global', 'ğŸ’° $70k - $125k*'],https://weworkremotely.com/https://remoteok.com/remote-jobs/remote-integration-specialist-pyth-126344
Rust Developer,Status SNT ,['Remote (Worldwide)', 'ğŸ’° $60k - $130k*'],https://weworkremotely.com/https://remoteok.com/remote-jobs/remote-rust-developer-status-snt-125801
Senior Backend Engineer,Basket ,['ğŸ„ Oceania ğŸ”’', 'ğŸ‡¬ğŸ‡§ United Kingdom ğŸ”’', 'ğŸ’° $70k - $120k', 'â° Contractor'],https://weworkremotely.com/https://remoteok.com/remote-jobs/remote-senior-backend-engineer-basket-118492
